"filename", "language", "Vue", "JavaScript", "XML", "TypeScript", "TypeScript JSX", "SCSS", "JavaScript JSX", "comment", "blank", "total"
"c:\project\stepin-template-main\src\packages\base.ts", "TypeScript", 0, 0, 0, 44, 0, 0, 0, 1, 1, 46
"c:\project\stepin-template-main\src\packages\ckeditor\__index.jsx", "JavaScript JSX", 0, 0, 0, 0, 0, 0, 112, 54, 29, 195
"c:\project\stepin-template-main\src\packages\ckeditor\index.jsx", "JavaScript JSX", 0, 0, 0, 0, 0, 0, 219, 9, 10, 238
"c:\project\stepin-template-main\src\packages\ckeditor\style\index.js", "JavaScript", 0, 2, 0, 0, 0, 0, 0, 0, 1, 3
"c:\project\stepin-template-main\src\packages\form.ts", "TypeScript", 0, 0, 0, 270, 0, 0, 0, 11, 4, 285
"c:\project\stepin-template-main\src\packages\formCom.tsx", "TypeScript JSX", 0, 0, 0, 0, 39, 0, 0, 2, 1, 42
"c:\project\stepin-template-main\src\packages\formEditor\componentsConfig.ts", "TypeScript", 0, 0, 0, 549, 0, 0, 0, 35, 1, 585
"c:\project\stepin-template-main\src\packages\formEditor\components\CompleteButton.tsx", "TypeScript JSX", 0, 0, 0, 0, 61, 0, 0, 1, 0, 62
"c:\project\stepin-template-main\src\packages\formEditor\components\DeviceSwitch.vue", "Vue", 26, 0, 0, 0, 0, 0, 0, 10, 3, 39
"c:\project\stepin-template-main\src\packages\formEditor\components\FormTypes\Baseinfo\mobile.tsx", "TypeScript JSX", 0, 0, 0, 0, 0, 0, 0, 0, 1, 1
"c:\project\stepin-template-main\src\packages\formEditor\components\FormTypes\Baseinfo\mobile.vue", "Vue", 36, 0, 0, 0, 0, 0, 0, 0, 3, 39
"c:\project\stepin-template-main\src\packages\formEditor\components\FormTypes\Baseinfo\pc.tsx", "TypeScript JSX", 0, 0, 0, 0, 0, 0, 0, 0, 1, 1
"c:\project\stepin-template-main\src\packages\formEditor\components\FormTypes\Baseinfo\pc.vue", "Vue", 21, 0, 0, 0, 0, 0, 0, 0, 3, 24
"c:\project\stepin-template-main\src\packages\formEditor\components\FormTypes\Cascader\mobile.tsx", "TypeScript JSX", 0, 0, 0, 0, 21, 0, 0, 7, 3, 31
"c:\project\stepin-template-main\src\packages\formEditor\components\FormTypes\Cascader\mobile.vue", "Vue", 36, 0, 0, 0, 0, 0, 0, 0, 3, 39
"c:\project\stepin-template-main\src\packages\formEditor\components\FormTypes\Cascader\pc.tsx", "TypeScript JSX", 0, 0, 0, 0, 21, 0, 0, 0, 2, 23
"c:\project\stepin-template-main\src\packages\formEditor\components\FormTypes\Cascader\pc.vue", "Vue", 21, 0, 0, 0, 0, 0, 0, 0, 3, 24
"c:\project\stepin-template-main\src\packages\formEditor\components\FormTypes\Checkbox\Other\mobile.tsx", "TypeScript JSX", 0, 0, 0, 0, 21, 0, 0, 7, 3, 31
"c:\project\stepin-template-main\src\packages\formEditor\components\FormTypes\Checkbox\Other\mobile.vue", "Vue", 42, 0, 0, 0, 0, 0, 0, 10, 2, 54
"c:\project\stepin-template-main\src\packages\formEditor\components\FormTypes\Checkbox\Other\pc.tsx", "TypeScript JSX", 0, 0, 0, 0, 21, 0, 0, 0, 2, 23
"c:\project\stepin-template-main\src\packages\formEditor\components\FormTypes\Checkbox\Other\pc.vue", "Vue", 41, 0, 0, 0, 0, 0, 0, 0, 2, 43
"c:\project\stepin-template-main\src\packages\formEditor\components\FormTypes\Checkbox\mobile.tsx", "TypeScript JSX", 0, 0, 0, 0, 21, 0, 0, 7, 3, 31
"c:\project\stepin-template-main\src\packages\formEditor\components\FormTypes\Checkbox\mobile.vue", "Vue", 39, 0, 0, 0, 0, 0, 0, 0, 3, 42
"c:\project\stepin-template-main\src\packages\formEditor\components\FormTypes\Checkbox\pc.tsx", "TypeScript JSX", 0, 0, 0, 0, 21, 0, 0, 0, 2, 23
"c:\project\stepin-template-main\src\packages\formEditor\components\FormTypes\Checkbox\pc.vue", "Vue", 26, 0, 0, 0, 0, 0, 0, 0, 3, 29
"c:\project\stepin-template-main\src\packages\formEditor\components\FormTypes\Date\Other\mobile.tsx", "TypeScript JSX", 0, 0, 0, 0, 21, 0, 0, 7, 3, 31
"c:\project\stepin-template-main\src\packages\formEditor\components\FormTypes\Date\Other\mobile.vue", "Vue", 42, 0, 0, 0, 0, 0, 0, 10, 2, 54
"c:\project\stepin-template-main\src\packages\formEditor\components\FormTypes\Date\Other\pc.tsx", "TypeScript JSX", 0, 0, 0, 0, 21, 0, 0, 0, 2, 23
"c:\project\stepin-template-main\src\packages\formEditor\components\FormTypes\Date\Other\pc.vue", "Vue", 41, 0, 0, 0, 0, 0, 0, 0, 2, 43
"c:\project\stepin-template-main\src\packages\formEditor\components\FormTypes\Date\mobile.tsx", "TypeScript JSX", 0, 0, 0, 0, 21, 0, 0, 7, 3, 31
"c:\project\stepin-template-main\src\packages\formEditor\components\FormTypes\Date\mobile.vue", "Vue", 122, 0, 0, 0, 0, 0, 0, 0, 2, 124
"c:\project\stepin-template-main\src\packages\formEditor\components\FormTypes\Date\pc.tsx", "TypeScript JSX", 0, 0, 0, 0, 21, 0, 0, 0, 2, 23
"c:\project\stepin-template-main\src\packages\formEditor\components\FormTypes\Date\pc.vue", "Vue", 21, 0, 0, 0, 0, 0, 0, 0, 3, 24
"c:\project\stepin-template-main\src\packages\formEditor\components\FormTypes\Divider\Other\mobile.tsx", "TypeScript JSX", 0, 0, 0, 0, 21, 0, 0, 7, 3, 31
"c:\project\stepin-template-main\src\packages\formEditor\components\FormTypes\Divider\Other\mobile.vue", "Vue", 42, 0, 0, 0, 0, 0, 0, 10, 2, 54
"c:\project\stepin-template-main\src\packages\formEditor\components\FormTypes\Divider\Other\pc.tsx", "TypeScript JSX", 0, 0, 0, 0, 21, 0, 0, 0, 2, 23
"c:\project\stepin-template-main\src\packages\formEditor\components\FormTypes\Divider\Other\pc.vue", "Vue", 41, 0, 0, 0, 0, 0, 0, 0, 2, 43
"c:\project\stepin-template-main\src\packages\formEditor\components\FormTypes\Divider\mobile.tsx", "TypeScript JSX", 0, 0, 0, 0, 21, 0, 0, 7, 3, 31
"c:\project\stepin-template-main\src\packages\formEditor\components\FormTypes\Divider\mobile.vue", "Vue", 29, 0, 0, 0, 0, 0, 0, 0, 3, 32
"c:\project\stepin-template-main\src\packages\formEditor\components\FormTypes\Divider\pc.tsx", "TypeScript JSX", 0, 0, 0, 0, 21, 0, 0, 0, 2, 23
"c:\project\stepin-template-main\src\packages\formEditor\components\FormTypes\Divider\pc.vue", "Vue", 20, 0, 0, 0, 0, 0, 0, 0, 3, 23
"c:\project\stepin-template-main\src\packages\formEditor\components\FormTypes\Html\Other\mobile.tsx", "TypeScript JSX", 0, 0, 0, 0, 21, 0, 0, 7, 3, 31
"c:\project\stepin-template-main\src\packages\formEditor\components\FormTypes\Html\Other\mobile.vue", "Vue", 42, 0, 0, 0, 0, 0, 0, 10, 2, 54
"c:\project\stepin-template-main\src\packages\formEditor\components\FormTypes\Html\Other\pc.tsx", "TypeScript JSX", 0, 0, 0, 0, 21, 0, 0, 0, 2, 23
"c:\project\stepin-template-main\src\packages\formEditor\components\FormTypes\Html\Other\pc.vue", "Vue", 41, 0, 0, 0, 0, 0, 0, 0, 2, 43
"c:\project\stepin-template-main\src\packages\formEditor\components\FormTypes\Html\mobile.tsx", "TypeScript JSX", 0, 0, 0, 0, 21, 0, 0, 7, 3, 31
"c:\project\stepin-template-main\src\packages\formEditor\components\FormTypes\Html\mobile.vue", "Vue", 67, 0, 0, 0, 0, 0, 0, 1, 3, 71
"c:\project\stepin-template-main\src\packages\formEditor\components\FormTypes\Html\pc.tsx", "TypeScript JSX", 0, 0, 0, 0, 21, 0, 0, 0, 2, 23
"c:\project\stepin-template-main\src\packages\formEditor\components\FormTypes\Html\pc.vue", "Vue", 24, 0, 0, 0, 0, 0, 0, 4, 3, 31
"c:\project\stepin-template-main\src\packages\formEditor\components\FormTypes\Input\mobile.tsx", "TypeScript JSX", 0, 0, 0, 0, 21, 0, 0, 7, 3, 31
"c:\project\stepin-template-main\src\packages\formEditor\components\FormTypes\Input\mobile.vue", "Vue", 18, 0, 0, 0, 0, 0, 0, 0, 3, 21
"c:\project\stepin-template-main\src\packages\formEditor\components\FormTypes\Input\pc.tsx", "TypeScript JSX", 0, 0, 0, 0, 21, 0, 0, 0, 2, 23
"c:\project\stepin-template-main\src\packages\formEditor\components\FormTypes\Input\pc.vue", "Vue", 22, 0, 0, 0, 0, 0, 0, 0, 3, 25
"c:\project\stepin-template-main\src\packages\formEditor\components\FormTypes\Number\Other\mobile.tsx", "TypeScript JSX", 0, 0, 0, 0, 21, 0, 0, 7, 3, 31
"c:\project\stepin-template-main\src\packages\formEditor\components\FormTypes\Number\Other\mobile.vue", "Vue", 42, 0, 0, 0, 0, 0, 0, 10, 2, 54
"c:\project\stepin-template-main\src\packages\formEditor\components\FormTypes\Number\Other\pc.tsx", "TypeScript JSX", 0, 0, 0, 0, 21, 0, 0, 0, 2, 23
"c:\project\stepin-template-main\src\packages\formEditor\components\FormTypes\Number\Other\pc.vue", "Vue", 41, 0, 0, 0, 0, 0, 0, 0, 2, 43
"c:\project\stepin-template-main\src\packages\formEditor\components\FormTypes\Number\mobile.tsx", "TypeScript JSX", 0, 0, 0, 0, 21, 0, 0, 7, 3, 31
"c:\project\stepin-template-main\src\packages\formEditor\components\FormTypes\Number\mobile.vue", "Vue", 35, 0, 0, 0, 0, 0, 0, 0, 5, 40
"c:\project\stepin-template-main\src\packages\formEditor\components\FormTypes\Number\pc.tsx", "TypeScript JSX", 0, 0, 0, 0, 21, 0, 0, 0, 2, 23
"c:\project\stepin-template-main\src\packages\formEditor\components\FormTypes\Number\pc.vue", "Vue", 21, 0, 0, 0, 0, 0, 0, 0, 3, 24
"c:\project\stepin-template-main\src\packages\formEditor\components\FormTypes\Other copy\mobile.vue", "Vue", 42, 0, 0, 0, 0, 0, 0, 10, 2, 54
"c:\project\stepin-template-main\src\packages\formEditor\components\FormTypes\Other copy\pc.vue", "Vue", 41, 0, 0, 0, 0, 0, 0, 0, 2, 43
"c:\project\stepin-template-main\src\packages\formEditor\components\FormTypes\Other\mobile.tsx", "TypeScript JSX", 0, 0, 0, 0, 21, 0, 0, 7, 3, 31
"c:\project\stepin-template-main\src\packages\formEditor\components\FormTypes\Other\mobile.vue", "Vue", 42, 0, 0, 0, 0, 0, 0, 10, 2, 54
"c:\project\stepin-template-main\src\packages\formEditor\components\FormTypes\Other\pc.tsx", "TypeScript JSX", 0, 0, 0, 0, 21, 0, 0, 0, 2, 23
"c:\project\stepin-template-main\src\packages\formEditor\components\FormTypes\Other\pc.vue", "Vue", 41, 0, 0, 0, 0, 0, 0, 0, 2, 43
"c:\project\stepin-template-main\src\packages\formEditor\components\FormTypes\Radio\mobile.tsx", "TypeScript JSX", 0, 0, 0, 0, 21, 0, 0, 7, 3, 31
"c:\project\stepin-template-main\src\packages\formEditor\components\FormTypes\Radio\mobile.vue", "Vue", 39, 0, 0, 0, 0, 0, 0, 0, 3, 42
"c:\project\stepin-template-main\src\packages\formEditor\components\FormTypes\Radio\pc.tsx", "TypeScript JSX", 0, 0, 0, 0, 21, 0, 0, 0, 2, 23
"c:\project\stepin-template-main\src\packages\formEditor\components\FormTypes\Radio\pc.vue", "Vue", 30, 0, 0, 0, 0, 0, 0, 0, 2, 32
"c:\project\stepin-template-main\src\packages\formEditor\components\FormTypes\Rate\mobile.tsx", "TypeScript JSX", 0, 0, 0, 0, 21, 0, 0, 7, 3, 31
"c:\project\stepin-template-main\src\packages\formEditor\components\FormTypes\Rate\mobile.vue", "Vue", 19, 0, 0, 0, 0, 0, 0, 0, 2, 21
"c:\project\stepin-template-main\src\packages\formEditor\components\FormTypes\Rate\pc.tsx", "TypeScript JSX", 0, 0, 0, 0, 21, 0, 0, 0, 2, 23
"c:\project\stepin-template-main\src\packages\formEditor\components\FormTypes\Rate\pc.vue", "Vue", 19, 0, 0, 0, 0, 0, 0, 0, 3, 22
"c:\project\stepin-template-main\src\packages\formEditor\components\FormTypes\Region\mobile.tsx", "TypeScript JSX", 0, 0, 0, 0, 21, 0, 0, 7, 3, 31
"c:\project\stepin-template-main\src\packages\formEditor\components\FormTypes\Region\mobile.vue", "Vue", 79, 0, 0, 0, 0, 0, 0, 0, 3, 82
"c:\project\stepin-template-main\src\packages\formEditor\components\FormTypes\Region\pc.tsx", "TypeScript JSX", 0, 0, 0, 0, 21, 0, 0, 0, 2, 23
"c:\project\stepin-template-main\src\packages\formEditor\components\FormTypes\Region\pc.vue", "Vue", 22, 0, 0, 0, 0, 0, 0, 0, 3, 25
"c:\project\stepin-template-main\src\packages\formEditor\components\FormTypes\Select\mobile.tsx", "TypeScript JSX", 0, 0, 0, 0, 21, 0, 0, 7, 3, 31
"c:\project\stepin-template-main\src\packages\formEditor\components\FormTypes\Select\mobile.vue", "Vue", 49, 0, 0, 0, 0, 0, 0, 0, 3, 52
"c:\project\stepin-template-main\src\packages\formEditor\components\FormTypes\Select\pc.tsx", "TypeScript JSX", 0, 0, 0, 0, 21, 0, 0, 0, 2, 23
"c:\project\stepin-template-main\src\packages\formEditor\components\FormTypes\Select\pc.vue", "Vue", 29, 0, 0, 0, 0, 0, 0, 4, 3, 36
"c:\project\stepin-template-main\src\packages\formEditor\components\FormTypes\Sform\mobile.tsx", "TypeScript JSX", 0, 0, 0, 0, 20, 0, 0, 1, 2, 23
"c:\project\stepin-template-main\src\packages\formEditor\components\FormTypes\Sform\mobile.vue", "Vue", 3, 0, 0, 0, 0, 0, 0, 0, 0, 3
"c:\project\stepin-template-main\src\packages\formEditor\components\FormTypes\Sform\pc.tsx", "TypeScript JSX", 0, 0, 0, 0, 21, 0, 0, 0, 2, 23
"c:\project\stepin-template-main\src\packages\formEditor\components\FormTypes\Sform\pc.vue", "Vue", 3, 0, 0, 0, 0, 0, 0, 0, 0, 3
"c:\project\stepin-template-main\src\packages\formEditor\components\FormTypes\Signature\mobile.tsx", "TypeScript JSX", 0, 0, 0, 0, 21, 0, 0, 7, 3, 31
"c:\project\stepin-template-main\src\packages\formEditor\components\FormTypes\Signature\mobile.vue", "Vue", 158, 0, 0, 0, 0, 0, 0, 3, 3, 164
"c:\project\stepin-template-main\src\packages\formEditor\components\FormTypes\Signature\pc.tsx", "TypeScript JSX", 0, 0, 0, 0, 21, 0, 0, 0, 2, 23
"c:\project\stepin-template-main\src\packages\formEditor\components\FormTypes\Signature\pc.vue", "Vue", 153, 0, 0, 0, 0, 0, 0, 0, 3, 156
"c:\project\stepin-template-main\src\packages\formEditor\components\FormTypes\Slider\mobile.tsx", "TypeScript JSX", 0, 0, 0, 0, 21, 0, 0, 7, 3, 31
"c:\project\stepin-template-main\src\packages\formEditor\components\FormTypes\Slider\mobile.vue", "Vue", 31, 0, 0, 0, 0, 0, 0, 0, 3, 34
"c:\project\stepin-template-main\src\packages\formEditor\components\FormTypes\Slider\pc.tsx", "TypeScript JSX", 0, 0, 0, 0, 21, 0, 0, 0, 2, 23
"c:\project\stepin-template-main\src\packages\formEditor\components\FormTypes\Slider\pc.vue", "Vue", 19, 0, 0, 0, 0, 0, 0, 0, 3, 22
"c:\project\stepin-template-main\src\packages\formEditor\components\FormTypes\Stable\mobile.tsx", "TypeScript JSX", 0, 0, 0, 0, 0, 0, 0, 0, 1, 1
"c:\project\stepin-template-main\src\packages\formEditor\components\FormTypes\Stable\mobile.vue", "Vue", 26, 0, 0, 0, 0, 0, 0, 0, 3, 29
"c:\project\stepin-template-main\src\packages\formEditor\components\FormTypes\Stable\pc.tsx", "TypeScript JSX", 0, 0, 0, 0, 0, 0, 0, 0, 1, 1
"c:\project\stepin-template-main\src\packages\formEditor\components\FormTypes\Stable\pc.vue", "Vue", 19, 0, 0, 0, 0, 0, 0, 0, 3, 22
"c:\project\stepin-template-main\src\packages\formEditor\components\FormTypes\Switch\mobile.tsx", "TypeScript JSX", 0, 0, 0, 0, 21, 0, 0, 7, 3, 31
"c:\project\stepin-template-main\src\packages\formEditor\components\FormTypes\Switch\mobile.vue", "Vue", 26, 0, 0, 0, 0, 0, 0, 0, 3, 29
"c:\project\stepin-template-main\src\packages\formEditor\components\FormTypes\Switch\pc.tsx", "TypeScript JSX", 0, 0, 0, 0, 21, 0, 0, 0, 2, 23
"c:\project\stepin-template-main\src\packages\formEditor\components\FormTypes\Switch\pc.vue", "Vue", 19, 0, 0, 0, 0, 0, 0, 0, 3, 22
"c:\project\stepin-template-main\src\packages\formEditor\components\FormTypes\Textarea\mobile.tsx", "TypeScript JSX", 0, 0, 0, 0, 21, 0, 0, 7, 3, 31
"c:\project\stepin-template-main\src\packages\formEditor\components\FormTypes\Textarea\mobile.vue", "Vue", 18, 0, 0, 0, 0, 0, 0, 10, 3, 31
"c:\project\stepin-template-main\src\packages\formEditor\components\FormTypes\Textarea\pc.tsx", "TypeScript JSX", 0, 0, 0, 0, 21, 0, 0, 0, 2, 23
"c:\project\stepin-template-main\src\packages\formEditor\components\FormTypes\Textarea\pc.vue", "Vue", 18, 0, 0, 0, 0, 0, 0, 10, 3, 31
"c:\project\stepin-template-main\src\packages\formEditor\components\FormTypes\Time\mobile.tsx", "TypeScript JSX", 0, 0, 0, 0, 21, 0, 0, 7, 3, 31
"c:\project\stepin-template-main\src\packages\formEditor\components\FormTypes\Time\mobile.vue", "Vue", 74, 0, 0, 0, 0, 0, 0, 0, 3, 77
"c:\project\stepin-template-main\src\packages\formEditor\components\FormTypes\Time\pc.tsx", "TypeScript JSX", 0, 0, 0, 0, 21, 0, 0, 0, 2, 23
"c:\project\stepin-template-main\src\packages\formEditor\components\FormTypes\Time\pc.vue", "Vue", 22, 0, 0, 0, 0, 0, 0, 0, 3, 25
"c:\project\stepin-template-main\src\packages\formEditor\components\FormTypes\Uploadfile\mobile.tsx", "TypeScript JSX", 0, 0, 0, 0, 21, 0, 0, 7, 3, 31
"c:\project\stepin-template-main\src\packages\formEditor\components\FormTypes\Uploadfile\mobile.vue", "Vue", 67, 0, 0, 0, 0, 0, 0, 2, 1, 70
"c:\project\stepin-template-main\src\packages\formEditor\components\FormTypes\Uploadfile\pc.tsx", "TypeScript JSX", 0, 0, 0, 0, 21, 0, 0, 0, 2, 23
"c:\project\stepin-template-main\src\packages\formEditor\components\FormTypes\Uploadfile\pc.vue", "Vue", 89, 0, 0, 0, 0, 0, 0, 4, 3, 96
"c:\project\stepin-template-main\src\packages\formEditor\components\FormTypes\index.js", "JavaScript", 0, 10, 0, 0, 0, 0, 0, 0, 1, 11
"c:\project\stepin-template-main\src\packages\formEditor\components\Icon.vue", "Vue", 30, 0, 0, 0, 0, 0, 0, 3, 3, 36
"c:\project\stepin-template-main\src\packages\formEditor\components\Layout\CollapseLayout.tsx", "TypeScript JSX", 0, 0, 0, 0, 46, 0, 0, 0, 1, 47
"c:\project\stepin-template-main\src\packages\formEditor\components\Layout\ControlInsertionPlugin.ts", "TypeScript", 0, 0, 0, 453, 0, 0, 0, 32, 16, 501
"c:\project\stepin-template-main\src\packages\formEditor\components\Layout\DragGable.tsx", "TypeScript JSX", 0, 0, 0, 0, 220, 0, 0, 7, 2, 229
"c:\project\stepin-template-main\src\packages\formEditor\components\Layout\GridLayout.tsx", "TypeScript JSX", 0, 0, 0, 0, 77, 0, 0, 7, 1, 85
"c:\project\stepin-template-main\src\packages\formEditor\components\Layout\InlineLayout.tsx", "TypeScript JSX", 0, 0, 0, 0, 42, 0, 0, 0, 2, 44
"c:\project\stepin-template-main\src\packages\formEditor\components\Layout\SubformLayout.tsx", "TypeScript JSX", 0, 0, 0, 0, 168, 0, 0, 3, 1, 172
"c:\project\stepin-template-main\src\packages\formEditor\components\Layout\TableLayout.tsx", "TypeScript JSX", 0, 0, 0, 0, 89, 0, 0, 0, 1, 90
"c:\project\stepin-template-main\src\packages\formEditor\components\Layout\TabsLayout.tsx", "TypeScript JSX", 0, 0, 0, 0, 48, 0, 0, 1, 1, 50
"c:\project\stepin-template-main\src\packages\formEditor\components\Panels\Canves\index.tsx", "TypeScript JSX", 0, 0, 0, 0, 81, 0, 0, 7, 1, 89
"c:\project\stepin-template-main\src\packages\formEditor\components\Panels\Config\components\AllsidesComponent.vue", "Vue", 80, 0, 0, 0, 0, 0, 0, 1, 1, 82
"c:\project\stepin-template-main\src\packages\formEditor\components\Panels\Config\components\BackgroundComponent.vue", "Vue", 286, 0, 0, 0, 0, 0, 0, 10, 2, 298
"c:\project\stepin-template-main\src\packages\formEditor\components\Panels\Config\components\BorderComponent.vue", "Vue", 131, 0, 0, 0, 0, 0, 0, 32, 1, 164
"c:\project\stepin-template-main\src\packages\formEditor\components\Panels\Config\components\CheckboxComponent.vue", "Vue", 35, 0, 0, 0, 0, 0, 0, 4, 1, 40
"c:\project\stepin-template-main\src\packages\formEditor\components\Panels\Config\components\CollapseComponent.vue", "Vue", 45, 0, 0, 0, 0, 0, 0, 0, 1, 46
"c:\project\stepin-template-main\src\packages\formEditor\components\Panels\Config\components\DataComponent1.jsx", "JavaScript JSX", 0, 0, 0, 0, 0, 0, 212, 2, 1, 215
"c:\project\stepin-template-main\src\packages\formEditor\components\Panels\Config\components\DataComponent2.jsx", "JavaScript JSX", 0, 0, 0, 0, 0, 0, 184, 15, 1, 200
"c:\project\stepin-template-main\src\packages\formEditor\components\Panels\Config\components\DataComponent3.vue", "Vue", 91, 0, 0, 0, 0, 0, 0, 0, 1, 92
"c:\project\stepin-template-main\src\packages\formEditor\components\Panels\Config\components\GlobalConfigPanel.vue", "Vue", 218, 0, 0, 0, 0, 0, 0, 0, 1, 219
"c:\project\stepin-template-main\src\packages\formEditor\components\Panels\Config\components\LimitComponent.vue", "Vue", 46, 0, 0, 0, 0, 0, 0, 9, 1, 56
"c:\project\stepin-template-main\src\packages\formEditor\components\Panels\Config\components\LogicComponent.vue", "Vue", 284, 0, 0, 0, 0, 0, 0, 15, 2, 301
"c:\project\stepin-template-main\src\packages\formEditor\components\Panels\Config\components\PropsPanel copy.tsx", "TypeScript JSX", 0, 0, 0, 0, 23, 0, 0, 0, 0, 23
"c:\project\stepin-template-main\src\packages\formEditor\components\Panels\Config\components\PropsPanel.vue", "Vue", 793, 0, 0, 0, 0, 0, 0, 16, 2, 811
"c:\project\stepin-template-main\src\packages\formEditor\components\Panels\Config\components\SubformDefaultValue.vue", "Vue", 118, 0, 0, 0, 0, 0, 0, 3, 1, 122
"c:\project\stepin-template-main\src\packages\formEditor\components\Panels\Config\components\TypeComponent.vue", "Vue", 86, 0, 0, 0, 0, 0, 0, 0, 1, 87
"c:\project\stepin-template-main\src\packages\formEditor\components\Panels\Config\components\generateFilterdata.js", "JavaScript", 0, 394, 0, 0, 0, 0, 0, 32, 1, 427
"c:\project\stepin-template-main\src\packages\formEditor\components\Panels\Config\configPanel.tsx", "TypeScript JSX", 0, 0, 0, 0, 174, 0, 0, 4, 2, 180
"c:\project\stepin-template-main\src\packages\formEditor\components\Panels\Config\index.vue", "Vue", 167, 0, 0, 0, 0, 0, 0, 18, 2, 187
"c:\project\stepin-template-main\src\packages\formEditor\components\Panels\Fields\index.jsx", "JavaScript JSX", 0, 0, 0, 0, 0, 0, 107, 8, 1, 116
"c:\project\stepin-template-main\src\packages\formEditor\components\Selection\selectElement.tsx", "TypeScript JSX", 0, 0, 0, 0, 425, 0, 0, 46, 5, 476
"c:\project\stepin-template-main\src\packages\formEditor\config.tsx", "TypeScript JSX", 0, 0, 0, 0, 99, 0, 0, 0, 0, 99
"c:\project\stepin-template-main\src\packages\formEditor\defaultProps.ts", "TypeScript", 0, 0, 0, 56, 0, 0, 0, 0, 1, 57
"c:\project\stepin-template-main\src\packages\formEditor\formEditor.tsx", "TypeScript JSX", 0, 0, 0, 0, 614, 0, 0, 21, 5, 640
"c:\project\stepin-template-main\src\packages\formEditor\formTab.tsx", "TypeScript JSX", 0, 0, 0, 0, 25, 0, 0, 0, 1, 26
"c:\project\stepin-template-main\src\packages\formEditor\formType.ts", "TypeScript", 0, 0, 0, 18, 0, 0, 0, 0, 2, 20
"c:\project\stepin-template-main\src\packages\formEditor\generatorData.ts", "TypeScript", 0, 0, 0, 26, 0, 0, 0, 2, 1, 29
"c:\project\stepin-template-main\src\packages\formEditor\index.ts", "TypeScript", 0, 0, 0, 15, 0, 0, 0, 6, 1, 22
"c:\project\stepin-template-main\src\packages\formEditor\locale\en.ts", "TypeScript", 0, 0, 0, 289, 0, 0, 0, 0, 1, 290
"c:\project\stepin-template-main\src\packages\formEditor\locale\index.ts", "TypeScript", 0, 0, 0, 8, 0, 0, 0, 1, 1, 10
"c:\project\stepin-template-main\src\packages\formEditor\locale\zh-cn.ts", "TypeScript", 0, 0, 0, 289, 0, 0, 0, 0, 1, 290
"c:\project\stepin-template-main\src\packages\formEditor\node.ts", "TypeScript", 0, 0, 0, 6, 0, 0, 0, 1, 3, 10
"c:\project\stepin-template-main\src\packages\formEditor\preview.tsx", "TypeScript JSX", 0, 0, 0, 0, 155, 0, 0, 7, 1, 163
"c:\project\stepin-template-main\src\packages\formEditor\style\index.js", "JavaScript", 0, 3, 0, 0, 0, 0, 0, 1, 1, 5
"c:\project\stepin-template-main\src\packages\formEditor\testData.ts", "TypeScript", 0, 0, 0, 1117, 0, 0, 0, 864, 10, 1991
"c:\project\stepin-template-main\src\packages\formitem.ts", "TypeScript", 0, 0, 0, 220, 0, 0, 0, 5, 6, 231
"c:\project\stepin-template-main\src\packages\hooks\index.ts", "TypeScript", 0, 0, 0, 20, 0, 0, 0, 1, 0, 21
"c:\project\stepin-template-main\src\packages\hooks\use-css\index.ts", "TypeScript", 0, 0, 0, 172, 0, 0, 0, 0, 1, 173
"c:\project\stepin-template-main\src\packages\hooks\use-fetch\index.ts", "TypeScript", 0, 0, 0, 30, 0, 0, 0, 2, 1, 33
"c:\project\stepin-template-main\src\packages\hooks\use-history\index.ts", "TypeScript", 0, 0, 0, 79, 0, 0, 0, 8, 1, 88
"c:\project\stepin-template-main\src\packages\hooks\use-i18n\index.ts", "TypeScript", 0, 0, 0, 16, 0, 0, 0, 9, 2, 27
"c:\project\stepin-template-main\src\packages\hooks\use-logic\index.ts", "TypeScript", 0, 0, 0, 333, 0, 0, 0, 17, 1, 351
"c:\project\stepin-template-main\src\packages\hooks\use-namespace\index.ts", "TypeScript", 0, 0, 0, 36, 0, 0, 0, 0, 1, 37
"c:\project\stepin-template-main\src\packages\hooks\use-props\index.ts", "TypeScript", 0, 0, 0, 385, 0, 0, 0, 170, 5, 560
"c:\project\stepin-template-main\src\packages\hooks\use-target\index.ts", "TypeScript", 0, 0, 0, 37, 0, 0, 0, 0, 5, 42
"c:\project\stepin-template-main\src\packages\icon\__index.vue", "Vue", 28, 0, 0, 0, 0, 0, 0, 4, 3, 35
"c:\project\stepin-template-main\src\packages\icon\index.js", "JavaScript", 0, 2, 0, 0, 0, 0, 0, 1, 1, 4
"c:\project\stepin-template-main\src\packages\icon\index.vue", "Vue", 44, 0, 0, 0, 0, 0, 0, 5, 3, 52
"c:\project\stepin-template-main\src\packages\icon\svg\ID.svg", "XML", 0, 0, 1, 0, 0, 0, 0, 0, 0, 1
"c:\project\stepin-template-main\src\packages\icon\svg\PC.svg", "XML", 0, 0, 1, 0, 0, 0, 0, 0, 0, 1
"c:\project\stepin-template-main\src\packages\icon\svg\Rank.svg", "XML", 0, 0, 1, 0, 0, 0, 0, 0, 0, 1
"c:\project\stepin-template-main\src\packages\icon\svg\arrowDown.svg", "XML", 0, 0, 1, 0, 0, 0, 0, 0, 0, 1
"c:\project\stepin-template-main\src\packages\icon\svg\arrowDownBold.svg", "XML", 0, 0, 1, 0, 0, 0, 0, 0, 0, 1
"c:\project\stepin-template-main\src\packages\icon\svg\arrowLeft.svg", "XML", 0, 0, 1, 0, 0, 0, 0, 0, 0, 1
"c:\project\stepin-template-main\src\packages\icon\svg\arrowLeftBold.svg", "XML", 0, 0, 1, 0, 0, 0, 0, 0, 0, 1
"c:\project\stepin-template-main\src\packages\icon\svg\arrowRight.svg", "XML", 0, 0, 1, 0, 0, 0, 0, 0, 0, 1
"c:\project\stepin-template-main\src\packages\icon\svg\arrowRightBold.svg", "XML", 0, 0, 1, 0, 0, 0, 0, 0, 0, 1
"c:\project\stepin-template-main\src\packages\icon\svg\arrowUp.svg", "XML", 0, 0, 1, 0, 0, 0, 0, 0, 0, 1
"c:\project\stepin-template-main\src\packages\icon\svg\arrowUpBold .svg", "XML", 0, 0, 1, 0, 0, 0, 0, 0, 0, 1
"c:\project\stepin-template-main\src\packages\icon\svg\arrowUpBold.svg", "XML", 0, 0, 1, 0, 0, 0, 0, 0, 0, 1
"c:\project\stepin-template-main\src\packages\icon\svg\back.svg", "XML", 0, 0, 1, 0, 0, 0, 0, 0, 0, 1
"c:\project\stepin-template-main\src\packages\icon\svg\bottom.svg", "XML", 0, 0, 1, 0, 0, 0, 0, 0, 0, 1
"c:\project\stepin-template-main\src\packages\icon\svg\bottomLeft .svg", "XML", 0, 0, 1, 0, 0, 0, 0, 0, 0, 1
"c:\project\stepin-template-main\src\packages\icon\svg\bottomRight.svg", "XML", 0, 0, 1, 0, 0, 0, 0, 0, 0, 1
"c:\project\stepin-template-main\src\packages\icon\svg\calendar.svg", "XML", 0, 0, 1, 0, 0, 0, 0, 0, 0, 1
"c:\project\stepin-template-main\src\packages\icon\svg\cascader.svg", "XML", 0, 0, 1, 0, 0, 0, 0, 0, 0, 1
"c:\project\stepin-template-main\src\packages\icon\svg\cellphone.svg", "XML", 0, 0, 1, 0, 0, 0, 0, 0, 0, 1
"c:\project\stepin-template-main\src\packages\icon\svg\checkbox.svg", "XML", 0, 0, 1, 0, 0, 0, 0, 0, 0, 1
"c:\project\stepin-template-main\src\packages\icon\svg\circleClose.svg", "XML", 0, 0, 1, 0, 0, 0, 0, 0, 0, 1
"c:\project\stepin-template-main\src\packages\icon\svg\circleMinus.svg", "XML", 0, 0, 1, 0, 0, 0, 0, 0, 0, 1
"c:\project\stepin-template-main\src\packages\icon\svg\circlePlus.svg", "XML", 0, 0, 1, 0, 0, 0, 0, 0, 0, 1
"c:\project\stepin-template-main\src\packages\icon\svg\clear0.svg", "XML", 0, 0, 1, 0, 0, 0, 0, 0, 0, 1
"c:\project\stepin-template-main\src\packages\icon\svg\clear1.svg", "XML", 0, 0, 1, 0, 0, 0, 0, 0, 0, 1
"c:\project\stepin-template-main\src\packages\icon\svg\collapse.svg", "XML", 0, 0, 1, 0, 0, 0, 0, 0, 0, 1
"c:\project\stepin-template-main\src\packages\icon\svg\copy.svg", "XML", 0, 0, 1, 0, 0, 0, 0, 0, 0, 1
"c:\project\stepin-template-main\src\packages\icon\svg\delete.svg", "XML", 0, 0, 1, 0, 0, 0, 0, 0, 0, 1
"c:\project\stepin-template-main\src\packages\icon\svg\divider.svg", "XML", 0, 0, 1, 0, 0, 0, 0, 0, 0, 1
"c:\project\stepin-template-main\src\packages\icon\svg\dividerLocationP1.svg", "XML", 0, 0, 1, 0, 0, 0, 0, 0, 0, 1
"c:\project\stepin-template-main\src\packages\icon\svg\dividerLocationP2.svg", "XML", 0, 0, 1, 0, 0, 0, 0, 0, 0, 1
"c:\project\stepin-template-main\src\packages\icon\svg\dividerLocationP3.svg", "XML", 0, 0, 1, 0, 0, 0, 0, 0, 0, 1
"c:\project\stepin-template-main\src\packages\icon\svg\doubleArrowLeft.svg", "XML", 0, 0, 1, 0, 0, 0, 0, 0, 0, 1
"c:\project\stepin-template-main\src\packages\icon\svg\doubleArrowRight.svg", "XML", 0, 0, 1, 0, 0, 0, 0, 0, 0, 1
"c:\project\stepin-template-main\src\packages\icon\svg\drag.svg", "XML", 0, 0, 1, 0, 0, 0, 0, 0, 0, 1
"c:\project\stepin-template-main\src\packages\icon\svg\dragWidth.svg", "XML", 0, 0, 1, 0, 0, 0, 0, 0, 0, 1
"c:\project\stepin-template-main\src\packages\icon\svg\dropUp0.svg", "XML", 0, 0, 1, 0, 0, 0, 0, 0, 0, 1
"c:\project\stepin-template-main\src\packages\icon\svg\dropdown0.svg", "XML", 0, 0, 1, 0, 0, 0, 0, 0, 0, 1
"c:\project\stepin-template-main\src\packages\icon\svg\email.svg", "XML", 0, 0, 1, 0, 0, 0, 0, 0, 0, 1
"c:\project\stepin-template-main\src\packages\icon\svg\grid.svg", "XML", 0, 0, 1, 0, 0, 0, 0, 0, 0, 1
"c:\project\stepin-template-main\src\packages\icon\svg\horizontalLayoutP1.svg", "XML", 0, 0, 1, 0, 0, 0, 0, 0, 0, 1
"c:\project\stepin-template-main\src\packages\icon\svg\horizontalLayoutP2.svg", "XML", 0, 0, 1, 0, 0, 0, 0, 0, 0, 1
"c:\project\stepin-template-main\src\packages\icon\svg\horizontalLayoutP3.svg", "XML", 0, 0, 1, 0, 0, 0, 0, 0, 0, 1
"c:\project\stepin-template-main\src\packages\icon\svg\horizontalLayoutP4.svg", "XML", 0, 0, 1, 0, 0, 0, 0, 0, 0, 1
"c:\project\stepin-template-main\src\packages\icon\svg\horizontalLayoutP5.svg", "XML", 0, 0, 1, 0, 0, 0, 0, 0, 0, 1
"c:\project\stepin-template-main\src\packages\icon\svg\html.svg", "XML", 0, 0, 1, 0, 0, 0, 0, 0, 0, 1
"c:\project\stepin-template-main\src\packages\icon\svg\index.js", "JavaScript", 0, 8, 0, 0, 0, 0, 0, 0, 1, 9
"c:\project\stepin-template-main\src\packages\icon\svg\input.svg", "XML", 0, 0, 1, 0, 0, 0, 0, 0, 0, 1
"c:\project\stepin-template-main\src\packages\icon\svg\label.svg", "XML", 0, 0, 1, 0, 0, 0, 0, 0, 0, 1
"c:\project\stepin-template-main\src\packages\icon\svg\labelStructureP1.svg", "XML", 0, 0, 1, 0, 0, 0, 0, 0, 0, 1
"c:\project\stepin-template-main\src\packages\icon\svg\labelStructureP2.svg", "XML", 0, 0, 1, 0, 0, 0, 0, 0, 0, 1
"c:\project\stepin-template-main\src\packages\icon\svg\labelStructureP3.svg", "XML", 0, 0, 1, 0, 0, 0, 0, 0, 0, 1
"c:\project\stepin-template-main\src\packages\icon\svg\language.svg", "XML", 0, 0, 1, 0, 0, 0, 0, 0, 0, 1
"c:\project\stepin-template-main\src\packages\icon\svg\lineThickness.svg", "XML", 0, 0, 1, 0, 0, 0, 0, 0, 0, 1
"c:\project\stepin-template-main\src\packages\icon\svg\location.svg", "XML", 0, 0, 1, 0, 0, 0, 0, 0, 0, 1
"c:\project\stepin-template-main\src\packages\icon\svg\minus.svg", "XML", 0, 0, 1, 0, 0, 0, 0, 0, 0, 1
"c:\project\stepin-template-main\src\packages\icon\svg\minusBold.svg", "XML", 0, 0, 1, 0, 0, 0, 0, 0, 0, 1
"c:\project\stepin-template-main\src\packages\icon\svg\move1.svg", "XML", 0, 0, 1, 0, 0, 0, 0, 0, 0, 1
"c:\project\stepin-template-main\src\packages\icon\svg\numberButtonP1.svg", "XML", 0, 0, 1, 0, 0, 0, 0, 0, 0, 1
"c:\project\stepin-template-main\src\packages\icon\svg\numberButtonP2.svg", "XML", 0, 0, 1, 0, 0, 0, 0, 0, 0, 1
"c:\project\stepin-template-main\src\packages\icon\svg\numbers.svg", "XML", 0, 0, 1, 0, 0, 0, 0, 0, 0, 1
"c:\project\stepin-template-main\src\packages\icon\svg\plus.svg", "XML", 0, 0, 1, 0, 0, 0, 0, 0, 0, 1
"c:\project\stepin-template-main\src\packages\icon\svg\plusBold.svg", "XML", 0, 0, 1, 0, 0, 0, 0, 0, 0, 1
"c:\project\stepin-template-main\src\packages\icon\svg\preview.svg", "XML", 0, 0, 1, 0, 0, 0, 0, 0, 0, 1
"c:\project\stepin-template-main\src\packages\icon\svg\radio.svg", "XML", 0, 0, 1, 0, 0, 0, 0, 0, 0, 1
"c:\project\stepin-template-main\src\packages\icon\svg\radius.svg", "XML", 0, 0, 1, 0, 0, 0, 0, 0, 0, 1
"c:\project\stepin-template-main\src\packages\icon\svg\rating.svg", "XML", 0, 0, 1, 0, 0, 0, 0, 0, 0, 1
"c:\project\stepin-template-main\src\packages\icon\svg\redo.svg", "XML", 0, 0, 1, 0, 0, 0, 0, 0, 0, 1
"c:\project\stepin-template-main\src\packages\icon\svg\right.svg", "XML", 0, 0, 1, 0, 0, 0, 0, 0, 0, 1
"c:\project\stepin-template-main\src\packages\icon\svg\save.svg", "XML", 0, 0, 1, 0, 0, 0, 0, 0, 0, 1
"c:\project\stepin-template-main\src\packages\icon\svg\search.svg", "XML", 0, 0, 1, 0, 0, 0, 0, 0, 0, 1
"c:\project\stepin-template-main\src\packages\icon\svg\signature.svg", "XML", 0, 0, 1, 0, 0, 0, 0, 0, 0, 1
"c:\project\stepin-template-main\src\packages\icon\svg\slider.svg", "XML", 0, 0, 1, 0, 0, 0, 0, 0, 0, 1
"c:\project\stepin-template-main\src\packages\icon\svg\sort.svg", "XML", 0, 0, 1, 0, 0, 0, 0, 0, 0, 1
"c:\project\stepin-template-main\src\packages\icon\svg\spaceBottom.svg", "XML", 0, 0, 1, 0, 0, 0, 0, 0, 0, 1
"c:\project\stepin-template-main\src\packages\icon\svg\spaceLeft.svg", "XML", 0, 0, 1, 0, 0, 0, 0, 0, 0, 1
"c:\project\stepin-template-main\src\packages\icon\svg\spaceRight.svg", "XML", 0, 0, 1, 0, 0, 0, 0, 0, 0, 1
"c:\project\stepin-template-main\src\packages\icon\svg\spaceTop.svg", "XML", 0, 0, 1, 0, 0, 0, 0, 0, 0, 1
"c:\project\stepin-template-main\src\packages\icon\svg\subform.svg", "XML", 0, 0, 1, 0, 0, 0, 0, 0, 1, 2
"c:\project\stepin-template-main\src\packages\icon\svg\switch.svg", "XML", 0, 0, 1, 0, 0, 0, 0, 0, 0, 1
"c:\project\stepin-template-main\src\packages\icon\svg\tabStyleP1.svg", "XML", 0, 0, 1, 0, 0, 0, 0, 0, 0, 1
"c:\project\stepin-template-main\src\packages\icon\svg\tabStyleP2.svg", "XML", 0, 0, 1, 0, 0, 0, 0, 0, 0, 1
"c:\project\stepin-template-main\src\packages\icon\svg\tabStyleP3.svg", "XML", 0, 0, 1, 0, 0, 0, 0, 0, 0, 1
"c:\project\stepin-template-main\src\packages\icon\svg\table.svg", "XML", 0, 0, 1, 0, 0, 0, 0, 0, 0, 1
"c:\project\stepin-template-main\src\packages\icon\svg\tableInsertCol.svg", "XML", 0, 0, 1, 0, 0, 0, 0, 0, 0, 1
"c:\project\stepin-template-main\src\packages\icon\svg\tableInsertRow.svg", "XML", 0, 0, 1, 0, 0, 0, 0, 0, 0, 1
"c:\project\stepin-template-main\src\packages\icon\svg\tableOperation.svg", "XML", 0, 0, 1, 0, 0, 0, 0, 0, 0, 1
"c:\project\stepin-template-main\src\packages\icon\svg\tableStokeP1.svg", "XML", 0, 0, 1, 0, 0, 0, 0, 0, 0, 1
"c:\project\stepin-template-main\src\packages\icon\svg\tableStokeP2.svg", "XML", 0, 0, 1, 0, 0, 0, 0, 0, 0, 1
"c:\project\stepin-template-main\src\packages\icon\svg\tableStokeP3.svg", "XML", 0, 0, 1, 0, 0, 0, 0, 0, 0, 1
"c:\project\stepin-template-main\src\packages\icon\svg\tableStokeP4.svg", "XML", 0, 0, 1, 0, 0, 0, 0, 0, 0, 1
"c:\project\stepin-template-main\src\packages\icon\svg\tableStokeP5.svg", "XML", 0, 0, 1, 0, 0, 0, 0, 0, 0, 1
"c:\project\stepin-template-main\src\packages\icon\svg\tableStokeP6.svg", "XML", 0, 0, 1, 0, 0, 0, 0, 0, 0, 1
"c:\project\stepin-template-main\src\packages\icon\svg\tableStokeP7.svg", "XML", 0, 0, 1, 0, 0, 0, 0, 0, 0, 1
"c:\project\stepin-template-main\src\packages\icon\svg\tableStokeP8.svg", "XML", 0, 0, 1, 0, 0, 0, 0, 0, 0, 1
"c:\project\stepin-template-main\src\packages\icon\svg\tabsLocationP1.svg", "XML", 0, 0, 1, 0, 0, 0, 0, 0, 0, 1
"c:\project\stepin-template-main\src\packages\icon\svg\tabsLocationP2.svg", "XML", 0, 0, 1, 0, 0, 0, 0, 0, 0, 1
"c:\project\stepin-template-main\src\packages\icon\svg\tabsLocationP3.svg", "XML", 0, 0, 1, 0, 0, 0, 0, 0, 0, 1
"c:\project\stepin-template-main\src\packages\icon\svg\tabsLocationP4.svg", "XML", 0, 0, 1, 0, 0, 0, 0, 0, 0, 1
"c:\project\stepin-template-main\src\packages\icon\svg\textarea.svg", "XML", 0, 0, 1, 0, 0, 0, 0, 0, 0, 1
"c:\project\stepin-template-main\src\packages\icon\svg\time.svg", "XML", 0, 0, 1, 0, 0, 0, 0, 0, 0, 1
"c:\project\stepin-template-main\src\packages\icon\svg\title.svg", "XML", 0, 0, 1, 0, 0, 0, 0, 0, 0, 1
"c:\project\stepin-template-main\src\packages\icon\svg\top.svg", "XML", 0, 0, 1, 0, 0, 0, 0, 0, 0, 1
"c:\project\stepin-template-main\src\packages\icon\svg\topLeft.svg", "XML", 0, 0, 1, 0, 0, 0, 0, 0, 0, 1
"c:\project\stepin-template-main\src\packages\icon\svg\topRight.svg", "XML", 0, 0, 1, 0, 0, 0, 0, 0, 0, 1
"c:\project\stepin-template-main\src\packages\icon\svg\undo.svg", "XML", 0, 0, 1, 0, 0, 0, 0, 0, 0, 1
"c:\project\stepin-template-main\src\packages\icon\svg\upload.svg", "XML", 0, 0, 1, 0, 0, 0, 0, 0, 0, 1
"c:\project\stepin-template-main\src\packages\icon\svg\url.svg", "XML", 0, 0, 1, 0, 0, 0, 0, 0, 0, 1
"c:\project\stepin-template-main\src\packages\icon\svg\widthRatioP1.svg", "XML", 0, 0, 1, 0, 0, 0, 0, 0, 0, 1
"c:\project\stepin-template-main\src\packages\icon\svg\widthRatioP2.svg", "XML", 0, 0, 1, 0, 0, 0, 0, 0, 0, 1
"c:\project\stepin-template-main\src\packages\icon\svg\widthRatioP3.svg", "XML", 0, 0, 1, 0, 0, 0, 0, 0, 0, 1
"c:\project\stepin-template-main\src\packages\icon\svg\widthRatioP4.svg", "XML", 0, 0, 1, 0, 0, 0, 0, 0, 0, 1
"c:\project\stepin-template-main\src\packages\icon\svg\widthRatioP5.svg", "XML", 0, 0, 1, 0, 0, 0, 0, 0, 0, 1
"c:\project\stepin-template-main\src\packages\icon\svg\widthRatioP6.svg", "XML", 0, 0, 1, 0, 0, 0, 0, 0, 0, 1
"c:\project\stepin-template-main\src\packages\icon\svg\zoomIn.svg", "XML", 0, 0, 1, 0, 0, 0, 0, 0, 0, 1
"c:\project\stepin-template-main\src\packages\icon\svg\zoomOut.svg", "XML", 0, 0, 1, 0, 0, 0, 0, 0, 0, 1
"c:\project\stepin-template-main\src\packages\layoutType.ts", "TypeScript", 0, 0, 0, 130, 0, 0, 0, 0, 16, 146
"c:\project\stepin-template-main\src\packages\region\Region.js", "JavaScript", 0, 72, 0, 0, 0, 0, 0, 0, 5, 77
"c:\project\stepin-template-main\src\packages\region\index.js", "JavaScript", 0, 5, 0, 0, 0, 0, 0, 0, 1, 6
"c:\project\stepin-template-main\src\packages\region\index.vue", "Vue", 424, 0, 0, 0, 0, 0, 0, 5, 10, 439
"c:\project\stepin-template-main\src\packages\region\node.js", "JavaScript", 0, 51, 0, 0, 0, 0, 0, 0, 7, 58
"c:\project\stepin-template-main\src\packages\region\store.js", "JavaScript", 0, 131, 0, 0, 0, 0, 0, 8, 19, 158
"c:\project\stepin-template-main\src\packages\region\style\index.js", "JavaScript", 0, 2, 0, 0, 0, 0, 0, 1, 1, 4
"c:\project\stepin-template-main\src\packages\theme\base.scss", "SCSS", 0, 0, 0, 0, 0, 45, 0, 0, 1, 46
"c:\project\stepin-template-main\src\packages\theme\ckeditor\index.scss", "SCSS", 0, 0, 0, 0, 0, 48, 0, 1, 1, 50
"c:\project\stepin-template-main\src\packages\theme\formEditor\Canves.scss", "SCSS", 0, 0, 0, 0, 0, 69, 0, 7, 1, 77
"c:\project\stepin-template-main\src\packages\theme\formEditor\CollapseLayout.scss", "SCSS", 0, 0, 0, 0, 0, 6, 0, 0, 1, 7
"c:\project\stepin-template-main\src\packages\theme\formEditor\Config.scss", "SCSS", 0, 0, 0, 0, 0, 85, 0, 22, 1, 108
"c:\project\stepin-template-main\src\packages\theme\formEditor\ConfigAllsides.scss", "SCSS", 0, 0, 0, 0, 0, 18, 0, 0, 1, 19
"c:\project\stepin-template-main\src\packages\theme\formEditor\ConfigBackground.scss", "SCSS", 0, 0, 0, 0, 0, 87, 0, 4, 1, 92
"c:\project\stepin-template-main\src\packages\theme\formEditor\ConfigBorder.scss", "SCSS", 0, 0, 0, 0, 0, 23, 0, 0, 1, 24
"c:\project\stepin-template-main\src\packages\theme\formEditor\ConfigCheckboxComponent.scss", "SCSS", 0, 0, 0, 0, 0, 17, 0, 7, 1, 25
"c:\project\stepin-template-main\src\packages\theme\formEditor\ConfigCollapseComponent.scss", "SCSS", 0, 0, 0, 0, 0, 23, 0, 28, 1, 52
"c:\project\stepin-template-main\src\packages\theme\formEditor\ConfigData1.scss", "SCSS", 0, 0, 0, 0, 0, 54, 0, 0, 2, 56
"c:\project\stepin-template-main\src\packages\theme\formEditor\ConfigData2.scss", "SCSS", 0, 0, 0, 0, 0, 71, 0, 11, 1, 83
"c:\project\stepin-template-main\src\packages\theme\formEditor\ConfigData3.scss", "SCSS", 0, 0, 0, 0, 0, 33, 0, 3, 1, 37
"c:\project\stepin-template-main\src\packages\theme\formEditor\ConfigGridLayoutComponent.scss", "SCSS", 0, 0, 0, 0, 0, 3, 0, 0, 1, 4
"c:\project\stepin-template-main\src\packages\theme\formEditor\ConfigLogicComponent.scss", "SCSS", 0, 0, 0, 0, 0, 65, 0, 0, 1, 66
"c:\project\stepin-template-main\src\packages\theme\formEditor\ConfigSubformDefaultValueComponent.scss", "SCSS", 0, 0, 0, 0, 0, 15, 0, 0, 1, 16
"c:\project\stepin-template-main\src\packages\theme\formEditor\ConfigTypeComponent.scss", "SCSS", 0, 0, 0, 0, 0, 64, 0, 7, 1, 72
"c:\project\stepin-template-main\src\packages\theme\formEditor\DeviceSwitch.scss", "SCSS", 0, 0, 0, 0, 0, 26, 0, 29, 1, 56
"c:\project\stepin-template-main\src\packages\theme\formEditor\DragGableLayout.scss", "SCSS", 0, 0, 0, 0, 0, 17, 0, 3, 1, 21
"c:\project\stepin-template-main\src\packages\theme\formEditor\Fields.scss", "SCSS", 0, 0, 0, 0, 0, 67, 0, 0, 1, 68
"c:\project\stepin-template-main\src\packages\theme\formEditor\FormTypes\Cascader.scss", "SCSS", 0, 0, 0, 0, 0, 22, 0, 0, 1, 23
"c:\project\stepin-template-main\src\packages\theme\formEditor\FormTypes\Checkbox.scss", "SCSS", 0, 0, 0, 0, 0, 13, 0, 0, 1, 14
"c:\project\stepin-template-main\src\packages\theme\formEditor\FormTypes\Date.scss", "SCSS", 0, 0, 0, 0, 0, 6, 0, 0, 2, 8
"c:\project\stepin-template-main\src\packages\theme\formEditor\FormTypes\Divider.scss", "SCSS", 0, 0, 0, 0, 0, 7, 0, 2, 1, 10
"c:\project\stepin-template-main\src\packages\theme\formEditor\FormTypes\Html.scss", "SCSS", 0, 0, 0, 0, 0, 7, 0, 1, 1, 9
"c:\project\stepin-template-main\src\packages\theme\formEditor\FormTypes\Number.scss", "SCSS", 0, 0, 0, 0, 0, 6, 0, 0, 1, 7
"c:\project\stepin-template-main\src\packages\theme\formEditor\FormTypes\Other.scss", "SCSS", 0, 0, 0, 0, 0, 14, 0, 0, 1, 15
"c:\project\stepin-template-main\src\packages\theme\formEditor\FormTypes\Radio.scss", "SCSS", 0, 0, 0, 0, 0, 12, 0, 0, 1, 13
"c:\project\stepin-template-main\src\packages\theme\formEditor\FormTypes\Region.scss", "SCSS", 0, 0, 0, 0, 0, 6, 0, 0, 1, 7
"c:\project\stepin-template-main\src\packages\theme\formEditor\FormTypes\Select.scss", "SCSS", 0, 0, 0, 0, 0, 21, 0, 0, 1, 22
"c:\project\stepin-template-main\src\packages\theme\formEditor\FormTypes\Signature.scss", "SCSS", 0, 0, 0, 0, 0, 52, 0, 0, 1, 53
"c:\project\stepin-template-main\src\packages\theme\formEditor\FormTypes\Slider.scss", "SCSS", 0, 0, 0, 0, 0, 16, 0, 0, 1, 17
"c:\project\stepin-template-main\src\packages\theme\formEditor\FormTypes\Time.scss", "SCSS", 0, 0, 0, 0, 0, 6, 0, 0, 1, 7
"c:\project\stepin-template-main\src\packages\theme\formEditor\GlobalConfigPanel.scss", "SCSS", 0, 0, 0, 0, 0, 90, 0, 12, 1, 103
"c:\project\stepin-template-main\src\packages\theme\formEditor\GridLayout.scss", "SCSS", 0, 0, 0, 0, 0, 5, 0, 1, 1, 7
"c:\project\stepin-template-main\src\packages\theme\formEditor\Icon.scss", "SCSS", 0, 0, 0, 0, 0, 7, 0, 0, 1, 8
"c:\project\stepin-template-main\src\packages\theme\formEditor\IconFont.scss", "SCSS", 0, 0, 0, 0, 0, 143, 0, 0, 41, 184
"c:\project\stepin-template-main\src\packages\theme\formEditor\InlineLayout.scss", "SCSS", 0, 0, 0, 0, 0, 7, 0, 1, 1, 9
"c:\project\stepin-template-main\src\packages\theme\formEditor\Main.scss", "SCSS", 0, 0, 0, 0, 0, 144, 0, 4, 1, 149
"c:\project\stepin-template-main\src\packages\theme\formEditor\PropsPanel.scss", "SCSS", 0, 0, 0, 0, 0, 31, 0, 0, 1, 32
"c:\project\stepin-template-main\src\packages\theme\formEditor\SelectElement.scss", "SCSS", 0, 0, 0, 0, 0, 79, 0, 12, 1, 92
"c:\project\stepin-template-main\src\packages\theme\formEditor\SubformLayout.scss", "SCSS", 0, 0, 0, 0, 0, 53, 0, 6, 1, 60
"c:\project\stepin-template-main\src\packages\theme\formEditor\TableLayout.scss", "SCSS", 0, 0, 0, 0, 0, 12, 0, 0, 1, 13
"c:\project\stepin-template-main\src\packages\theme\formEditor\TabsLayout.scss", "SCSS", 0, 0, 0, 0, 0, 9, 0, 3, 1, 13
"c:\project\stepin-template-main\src\packages\theme\formEditor\index.scss", "SCSS", 0, 0, 0, 0, 0, 41, 0, 0, 2, 43
"c:\project\stepin-template-main\src\packages\theme\icon.scss", "SCSS", 0, 0, 0, 0, 0, 18, 0, 0, 1, 19
"c:\project\stepin-template-main\src\packages\theme\region\Main.scss", "SCSS", 0, 0, 0, 0, 0, 104, 0, 2, 1, 107
"c:\project\stepin-template-main\src\packages\theme\region\index.scss", "SCSS", 0, 0, 0, 0, 0, 2, 0, 1, 1, 4
"c:\project\stepin-template-main\src\packages\type.ts", "TypeScript", 0, 0, 0, 88, 0, 0, 0, 1, 6, 95
"c:\project\stepin-template-main\src\packages\utils\Context.ts", "TypeScript", 0, 0, 0, 942, 0, 0, 0, 19, 2, 963
"c:\project\stepin-template-main\src\packages\utils\addContext.ts", "TypeScript", 0, 0, 0, 15, 0, 0, 0, 2, 0, 17
"c:\project\stepin-template-main\src\packages\utils\device.js", "JavaScript", 0, 4, 0, 0, 0, 0, 0, 0, 1, 5
"c:\project\stepin-template-main\src\packages\utils\field copy.js", "JavaScript", 0, 264, 0, 0, 0, 0, 0, 2, 1, 267
"c:\project\stepin-template-main\src\packages\utils\field.ts", "TypeScript", 0, 0, 0, 271, 0, 0, 0, 5, 2, 278
"c:\project\stepin-template-main\src\packages\utils\fileData.ts", "TypeScript", 0, 0, 0, 31, 0, 0, 0, 0, 1, 32
"c:\project\stepin-template-main\src\packages\utils\generateOptions.js", "JavaScript", 0, 26, 0, 0, 0, 0, 0, 0, 1, 27
"c:\project\stepin-template-main\src\packages\utils\index.js", "JavaScript", 0, 27, 0, 0, 0, 0, 0, 16, 1, 44
"c:\project\stepin-template-main\src\packages\utils\logic.js", "JavaScript", 0, 47, 0, 0, 0, 0, 0, 0, 2, 49
"c:\project\stepin-template-main\src\packages\utils\nanoid.js", "JavaScript", 0, 5, 0, 0, 0, 0, 0, 0, 1, 6
"c:\project\stepin-template-main\src\packages\utils\test.js", "JavaScript", 0, 23, 0, 0, 0, 0, 0, 0, 1, 24
"c:\project\stepin-template-main\src\packages\utils\utils.ts", "TypeScript", 0, 0, 0, 27, 0, 0, 0, 0, 1, 28
"c:\project\stepin-template-main\src\packages\vueDraggable\core\componentBuilderHelper.js", "JavaScript", 0, 42, 0, 0, 0, 0, 0, 0, 6, 48
"c:\project\stepin-template-main\src\packages\vueDraggable\core\componentStructure.js", "JavaScript", 0, 60, 0, 0, 0, 0, 0, 0, 10, 70
"c:\project\stepin-template-main\src\packages\vueDraggable\core\renderHelper.js", "JavaScript", 0, 51, 0, 0, 0, 0, 0, 0, 6, 57
"c:\project\stepin-template-main\src\packages\vueDraggable\core\sortableEvents.js", "JavaScript", 0, 15, 0, 0, 0, 0, 0, 0, 4, 19
"c:\project\stepin-template-main\src\packages\vueDraggable\util\console.js", "JavaScript", 0, 8, 0, 0, 0, 0, 0, 0, 2, 10
"c:\project\stepin-template-main\src\packages\vueDraggable\util\htmlHelper.js", "JavaScript", 0, 13, 0, 0, 0, 0, 0, 0, 3, 16
"c:\project\stepin-template-main\src\packages\vueDraggable\util\string.js", "JavaScript", 0, 10, 0, 0, 0, 0, 0, 0, 3, 13
"c:\project\stepin-template-main\src\packages\vueDraggable\util\tags.js", "JavaScript", 0, 134, 0, 0, 0, 0, 0, 0, 5, 139
"c:\project\stepin-template-main\src\packages\vueDraggable\vuedraggable.d.ts", "TypeScript", 0, 0, 0, 74, 0, 0, 0, 0, 1, 75
"c:\project\stepin-template-main\src\packages\vueDraggable\vuedraggable.ts", "TypeScript", 0, 0, 0, 287, 0, 0, 0, 11, 38, 336
"Total", "-", 5102, 1409, 115, 6333, 3393, 1769, 834, 2030, 679, 21664